DROP DATABASE TAGPRESS;
CREATE DATABASE TAGPRESS;

USE TAGPRESS;

CREATE TABLE category (
    cid INT,
    cname VARCHAR(20) NOT NULL,
    color VARCHAR(20),
    PRIMARY KEY(cid)
);

CREATE TABLE tag (
    tid INT,
    cid INT,
    tname VARCHAR(20) NOT NULL,
    PRIMARY KEY(tid),
    FOREIGN KEY(cid) REFERENCES category(cid)
    ON DELETE CASCADE
);

CREATE TABLE indexedfolders (
    fid INT,
    fpath VARCHAR(200) NOT NULL,
    PRIMARY KEY(fid)
);

CREATE TABLE `filetag` (
  `filid` int(11) NOT NULL,
  `tid` int(11) NOT NULL
) ENGINE=InnoDB DEFAULT CHARSET=latin1;

CREATE TABLE `indexedfiles` (
  `folid` int(11) NOT NULL,
  `filename` varchar(50) NOT NULL,
  `filid` int(11) NOT NULL
) ENGINE=InnoDB DEFAULT CHARSET=latin1;


INSERT INTO `category` (`cid`, `cname`, `color`) VALUES
    (1001, 'default', 'green'),
    (1002, 'music', 'darkcyan'),
    (1003, 'font', 'darkmagenta'),
    (1004, 'rating', 'gold'),
    (1005, 'date', 'indianred'),
    (1006, 'current-state', 'orangered'),
    (1007, 'priority', 'red')
;

INSERT INTO `indexedfolders` (`fid`, `fpath`) VALUES
(3000, '/home/isura/Downloads/'),
(3001, '/home/isura/Pictures/'),
(3002, '/home/isura/Music/top-chart/'),
(3003, '/home/isura/Documents/'),
(3004, '/home/isura/Documents/fonts/')
;

INSERT INTO `indexedfiles` (`filid`, `filename`, `folid`) VALUES
(4000, '01.\ Ed\ Sheeran\ -\ Shape\ Of\ You.mp3', 3002),
(4001, '02.\ Ed\ Sheran\ -\ Castle\ On\ The\ Hill.mp3', 3002),
(4002, '03.\ Jax\ Jones\ -\ You\ Dont\ Know\ (Feat\ Raye).mp3', 3002),
(4003, '04.\ Little\ Mix\ -\ Touch.mp3', 3002),
(4004, '05.\ Ragnbone\ Man\ -\ Human.mp3', 3002),
(4005, '1.png', 3001),
(4006, '2.png', 3001),
(4007, '3.png', 3001),
(4008, '4.png', 3001),
(4009, '5.png', 3001),
(4010, '6.png', 3001),
(4011, 'AbyssinicaSIL-R.ttf', 3004),        
(4012, 'Lato-BoldItalic.ttf', 3004),                  
(4013, 'Padauk-book.ttf', 3004),
(4014, 'DejaVuSans-Bold.ttf', 3004),        
(4015, 'Lato-Bold.ttf', 3004),                        
(4016, 'Padauk.ttf', 3004),
(4017, 'DejaVuSansMono-Bold.ttf', 3004),    
(4018, 'Lato-HairlineItalic.ttf', 3004),              
(4019, 'Phetsarath_OT.ttf', 3004),
(4020, 'DejaVuSansMono.ttf', 3004),         
(4021, 'Lato-Hairline.ttf', 3004),                    
(4022, 'Purisa-BoldOblique.ttf', 3004),
(4023, 'DejaVuSans.ttf', 3004),             
(4024, 'Lato-HeavyItalic.ttf', 3004),                 
(4025, 'Purisa-Bold.ttf', 3004),
(4026, 'DejaVuSerif-Bold.ttf', 3004),       
(4027, 'Lato-Heavy.ttf', 3004),                       
(4028, 'Purisa-Oblique.ttf', 3004),
(4029, 'DejaVuSerif.ttf', 3004),            
(4030, 'Lato-Italic.ttf', 3004),                      
(4031, 'Purisa.ttf', 3004),
(4032, 'fontawesome-webfont.ttf', 3004),    
(4033, 'Lato-LightItalic.ttf', 3004),                 
(4034, 'Saab.ttf', 3004),
(4035, 'fonts-japanese-gothic.ttf', 3004),  
(4036, 'Lato-Light.ttf', 3004),                       
(4037, 'Sawasdee-BoldOblique.ttf', 3004),
(4038, 'FreeMonoBoldOblique.ttf', 3004),    
(4039, 'Lato-MediumItalic.ttf', 3004),                
(4040, 'Sawasdee-Bold.ttf', 3004),
(4041, 'FreeMonoBold.ttf', 3004),           
(4042, 'Lato-Medium.ttf', 3004),                      
(4043, 'Sawasdee-Oblique.ttf', 3004),
(4044, 'FreeMonoOblique.ttf', 3004),        
(4045, 'Lato-Regular.ttf', 3004),                     
(4046, 'Sawasdee.ttf', 3004),
(4047, 'FreeMono.ttf', 3004),               
(4048, 'Lato-SemiboldItalic.ttf', 3004),              
(4049, 'Symbola_hint.ttf', 3004),
(4050, 'FreeSansBoldOblique.ttf', 3004),    
(4051, 'Lato-Semibold.ttf', 3004),                    
(4052, 'TakaoPGothic.ttf', 3004),
(4053, 'FreeSansBold.ttf', 3004),           
(4054, 'Lato-ThinItalic.ttf', 3004),                  
(4055, 'TibetanMachineUni.ttf', 3004),
(4056, 'FreeSansOblique.ttf', 3004),        
(4057, 'Lato-Thin.ttf', 3004),                        
(4058, 'TlwgMono-BoldOblique.ttf', 3004),
(4059, 'FreeSans.ttf', 3004),               
(4060, 'LiberationMono-BoldItalic.ttf', 3004),        
(4061, 'TlwgMono-Bold.ttf', 3004),
(4062, 'FreeSerifBoldItalic.ttf', 3004),    
(4063, 'LiberationMono-Bold.ttf', 3004),              
(4064, 'TlwgMono-Oblique.ttf', 3004),
(4065, 'FreeSerifBold.ttf', 3004),          
(4066, 'LiberationMono-Italic.ttf', 3004),            
(4067, 'TlwgMono.ttf', 3004),
(4068, 'FreeSerifItalic.ttf', 3004),        
(4069, 'LiberationMono-Regular.ttf', 3004),           
(4070, 'TlwgTypewriter-BoldOblique.ttf', 3004),
(4071, 'FreeSerif.ttf', 3004),              
(4072, 'LiberationSans-BoldItalic.ttf', 3004),        
(4073, 'TlwgTypewriter-Bold.ttf', 3004),
(4074, 'Garuda-BoldOblique.ttf', 3004),     
(4075, 'LiberationSans-Bold.ttf', 3004),              
(4076, 'TlwgTypewriter-Oblique.ttf', 3004),
(4077, 'Garuda-Bold.ttf', 3004),            
(4078, 'LiberationSans-Italic.ttf', 3004),            
(4079, 'TlwgTypewriter.ttf', 3004),
(4080, 'Garuda-Oblique.ttf', 3004),         
(4081, 'LiberationSansNarrow-BoldItalic.ttf', 3004),  
(4082, 'TlwgTypist-BoldOblique.ttf', 3004),
(4083, 'Garuda.ttf', 3004),                 
(4084, 'LiberationSansNarrow-Bold.ttf', 3004),        
(4085, 'TlwgTypist-Bold.ttf', 3004),
(4086, 'KacstArt.ttf', 3004),               
(4087, 'LiberationSansNarrow-Italic.ttf', 3004),      
(4088, 'TlwgTypist-Oblique.ttf', 3004),
(4089, 'KacstBook.ttf', 3004),              
(4090, 'LiberationSansNarrow-Regular.ttf', 3004),     
(4091, 'TlwgTypist.ttf', 3004),
(4092, 'KacstDecorative.ttf', 3004),        
(4093, 'LiberationSans-Regular.ttf', 3004),           
(4094, 'TlwgTypo-BoldOblique.ttf', 3004),
(4095, 'KacstDigital.ttf', 3004),           
(4096, 'LiberationSerif-BoldItalic.ttf', 3004),       
(4097, 'TlwgTypo-Bold.ttf', 3004),
(4098, 'KacstFarsi.ttf', 3004),             
(4099, 'LiberationSerif-Bold.ttf', 3004),             
(4100, 'TlwgTypo-Oblique.ttf', 3004),
(4101, 'KacstLetter.ttf', 3004),            
(4102, 'LiberationSerif-Italic.ttf', 3004),           
(4103, 'TlwgTypo.ttf', 3004),
(4104, 'KacstNaskh.ttf', 3004),             
(4105, 'LiberationSerif-Regular.ttf', 3004),          
(4106, 'Ubuntu-BI.ttf', 3004),
(4107, 'KacstOffice.ttf', 3004),            
(4108, 'lklug.ttf', 3004),                            
(4109, 'Ubuntu-B.ttf', 3004),
(4110, 'KacstOne-Bold.ttf', 3004),          
(4111, 'Lohit-Punjabi.ttf', 3004),                    
(4112, 'Ubuntu-C.ttf', 3004),
(4113, 'KacstOne.ttf', 3004),               
(4114, 'Loma-BoldOblique.ttf', 3004),                 
(4115, 'Ubuntu-LI.ttf', 3004),
(4116, 'KacstPen.ttf', 3004),               
(4117, 'Loma-Bold.ttf', 3004),                        
(4118, 'Ubuntu-L.ttf', 3004),
(4119, 'KacstPoster.ttf', 3004),            
(4120, 'Loma-Oblique.ttf', 3004),                     
(4121, 'Ubuntu-MI.ttf', 3004),
(4122, 'KacstQurn.ttf', 3004),              
(4123, 'Loma.ttf', 3004),                             
(4124, 'UbuntuMono-BI.ttf', 3004),
(4125, 'KacstScreen.ttf', 3004),            
(4126, 'Monaco_Linux.ttf', 3004),                     
(4127, 'UbuntuMono-B.ttf', 3004),
(4128, 'KacstTitleL.ttf', 3004),            
(4129, 'mry_KacstQurn.ttf', 3004),                    
(4130, 'UbuntuMono-RI.ttf', 3004),
(4131, 'KacstTitle.ttf', 3004),             
(4132, 'NanumBarunGothicBold.ttf', 3004),             
(4133, 'UbuntuMono-R.ttf', 3004),
(4134, 'KhmerOSsys.ttf', 3004),             
(4135, 'NanumBarunGothic.ttf', 3004),                 
(4136, 'Ubuntu-M.ttf', 3004),
(4137, 'KhmerOS.ttf', 3004),                
(4138, 'NanumGothicBold.ttf', 3004),                  
(4139, 'Ubuntu-RI.ttf', 3004),
(4140, 'Kinnari-BoldItalic.ttf', 3004),     
(4141, 'NanumGothic.ttf', 3004),                      
(4142, 'Ubuntu-R.ttf', 3004),
(4143, 'Kinnari-BoldOblique.ttf', 3004),    
(4144, 'NanumMyeongjoBold.ttf', 3004),                
(4145, 'Umpush-BoldOblique.ttf', 3004),
(4146, 'Kinnari-Bold.ttf', 3004),           
(4147, 'NanumMyeongjo.ttf', 3004),                    
(4148, 'Umpush-Bold.ttf', 3004),
(4149, 'Kinnari-Italic.ttf', 3004),         
(4150, 'Norasi-BoldItalic.ttf', 3004),                
(4151, 'Umpush-LightOblique.ttf', 3004),
(4152, 'Kinnari-Oblique.ttf', 3004),        
(4153, 'Norasi-BoldOblique.ttf', 3004),               
(4154, 'Umpush-Light.ttf', 3004),
(4155, 'Kinnari.ttf', 3004),                
(4156, 'Norasi-Bold.ttf', 3004),                      
(4157, 'Umpush-Oblique.ttf', 3004),
(4158, 'Laksaman-BoldItalic.ttf', 3004),    
(4159, 'Norasi-Italic.ttf', 3004),                    
(4160, 'Umpush.ttf', 3004),
(4161, 'Laksaman-Bold.ttf', 3004),          
(4162, 'Norasi-Oblique.ttf', 3004),                   
(4163, 'Waree-BoldOblique.ttf', 3004),
(4164, 'Laksaman-Italic.ttf', 3004),        
(4165, 'Norasi.ttf', 3004),                           
(4166, 'Waree-Bold.ttf', 3004),
(4167, 'Laksaman.ttf', 3004),               
(4168, 'opens___.ttf', 3004),                         
(4169, 'Waree-Oblique.ttf', 3004),
(4170, 'Lato-BlackItalic.ttf', 3004),       
(4171, 'Padauk-bold.ttf', 3004),                      
(4172, 'Waree.ttf', 3004),
(4173, 'Lato-Black.ttf', 3004),             
(4174, 'Padauk-bookbold.ttf', 3004)
;

INSERT INTO `filetag` (`filid`, `tid`) VALUES
(4000, 2002),
(4000, 2009),
(4000, 2019),
(4001, 2002),
(4001, 2009),
(4001, 2019),
(4002, 2012),
(4002, 2003),
(4003, 2002),
(4003, 2020),
(4004, 2013),
(4004, 2021),
(4005, 2023),
(4006, 2023),
(4007, 2023),
(4008, 2024),
(4009, 2024),
(4010, 2025),
(4011, 2014)
;

INSERT INTO `tag` (`tid`, `cid`, `tname`) VALUES
    (2001, 1002, 'Jazz'),
    (2002, 1002, 'Pop'),
    (2003, 1002, 'Electronic'),
    (2004, 1002, 'Reggae'),
    (2005, 1002, 'Classical'),
    (2006, 1002, 'Rap'),
    (2007, 1002, 'Country'),
    (2008, 1002, 'Metal'),
    (2009, 1002, 'Rock'),
    (2010, 1002, 'Disco'),
    (2011, 1002, 'Opera'),    
    (2012, 1002, 'Dance'),
    (2013, 1002, 'Indie'),
    (2014, 1003, 'Serif'),
    (2015, 1003, 'Sans-Serif'),    
    (2016, 1003, 'Script'),
    (2017, 1003, 'Decorative'),    
    (2018, 1004, '5-Stars'),
    (2019, 1004, '4-Stars'),    
    (2020, 1004, '3-Stars'),
    (2021, 1004, '2-Stars'),
    (2022, 1004, '1-Star'),
    (2023, 1005, 'done'),
    (2024, 1005, 'next'),
    (2025, 1005, 'maybe'),
    (2026, 1005, 'waiting'),
    (2027, 1006, 'high'),
    (2028, 1006, 'medium'),
    (2029, 1006, 'low')
;

ALTER TABLE `filetag`
  ADD KEY `filid` (`filid`),
  ADD KEY `tid` (`tid`);

ALTER TABLE `indexedfiles`
  ADD PRIMARY KEY (`filid`),
  ADD KEY `folid` (`folid`);
  